"Zeit","anomalies"
1850-01-01,-3.105
1850-02-01,0.632
1850-03-01,-1.336
1850-04-01,-1.436
1850-05-01,-1.052
1850-06-01,0.311
1850-07-01,0.393
1850-08-01,0.802
1850-09-01,-0.465
1850-10-01,-1.313
1850-11-01,-0.385
1850-12-01,-0.338
1851-01-01,0.257
1851-02-01,-0.391
1851-03-01,-1.47
1851-04-01,-0.684
1851-05-01,-0.281
1851-06-01,0.022
1851-07-01,-0.136
1851-08-01,0.292
1851-09-01,0.302
1851-10-01,0.354
1851-11-01,-0.566
1851-12-01,-0.448
1852-01-01,-0.214
1852-02-01,-0.453
1852-03-01,-1.36
1852-04-01,-2.028
1852-05-01,-0.004
1852-06-01,0.088
1852-07-01,0.135
1852-08-01,0.141
1852-09-01,-0.167
1852-10-01,-0.569
1852-11-01,-0.779
1852-12-01,1.221
1853-01-01,0.845
1853-02-01,-0.983
1853-03-01,-1.657
1853-04-01,-1.234
1853-05-01,-0.288
1853-06-01,0.01
1853-07-01,0.46
1853-08-01,0.399
1853-09-01,-0.583
1853-10-01,-0.011
1853-11-01,-0.906
1853-12-01,-1.904
1854-01-01,-1.228
1854-02-01,-0.447
1854-03-01,-0.239
1854-04-01,-1.036
1854-05-01,0.298
1854-06-01,-0.423
1854-07-01,0.565
1854-08-01,0.429
1854-09-01,-0.002
1854-10-01,0.647
1854-11-01,-0.857
1854-12-01,0.408
1855-01-01,-0.502
1855-02-01,-2.159
1855-03-01,-1.23
1855-04-01,0.232
1855-05-01,0.215
1855-06-01,-0.048
1855-07-01,0.263
1855-08-01,0.069
1855-09-01,-0.573
1855-10-01,-0.004
1855-11-01,-0.977
1855-12-01,-2.641
1856-01-01,0.009
1856-02-01,-0.809
1856-03-01,-2.015
1856-04-01,-0.422
1856-05-01,-0.529
1856-06-01,0.527
1856-07-01,-0.083
1856-08-01,-0.345
1856-09-01,-0.731
1856-10-01,-0.789
1856-11-01,-1.929
1856-12-01,-0.217
1857-01-01,-1.257
1857-02-01,-0.121
1857-03-01,-0.857
1857-04-01,-1.695
1857-05-01,-1.033
1857-06-01,-0.306
1857-07-01,-0.172
1857-08-01,0.211
1857-09-01,-0.53
1857-10-01,-0.371
1857-11-01,-1.123
1857-12-01,0.774
1858-01-01,-0.081
1858-02-01,-1.949
1858-03-01,-1.088
1858-04-01,-0.327
1858-05-01,-0.257
1858-06-01,0.534
1858-07-01,0.365
1858-08-01,-0.176
1858-09-01,-0.096
1858-10-01,0.34
1858-11-01,-2.313
1858-12-01,-0.174
1859-01-01,0.229
1859-02-01,0.795
1859-03-01,0.302
1859-04-01,0.022
1859-05-01,0.27
1859-06-01,0.098
1859-07-01,0.45
1859-08-01,0.341
1859-09-01,-0.332
1859-10-01,-0.311
1859-11-01,-0.246
1859-12-01,-1.485
1860-01-01,0.096
1860-02-01,-1.474
1860-03-01,-2.266
1860-04-01,-0.546
1860-05-01,-0.07
1860-06-01,0.215
1860-07-01,-0.211
1860-08-01,-0.104
1860-09-01,-0.197
1860-10-01,-0.407
1860-11-01,-1.674
1860-12-01,-2.359
1861-01-01,-2.814
1861-02-01,0.349
1861-03-01,0.035
1861-04-01,-1.254
1861-05-01,-1.123
1861-06-01,0.206
1861-07-01,0.299
1861-08-01,0.341
1861-09-01,-0.308
1861-10-01,-0.222
1861-11-01,-0.618
1861-12-01,-0.329
1862-01-01,-1.78
1862-02-01,-1.886
1862-03-01,-0.797
1862-04-01,-0.204
1862-05-01,-0.131
1862-06-01,-0.534
1862-07-01,-0.36
1862-08-01,-0.545
1862-09-01,-0.26
1862-10-01,-0.457
1862-11-01,-1.485
1862-12-01,-1.711
1863-01-01,1.925
1863-02-01,0.909
1863-03-01,-0.091
1863-04-01,-0.263
1863-05-01,0.102
1863-06-01,-0.306
1863-07-01,-0.415
1863-08-01,0.15
1863-09-01,0.043
1863-10-01,-0.492
1863-11-01,-0.042
1863-12-01,-0.34
1864-01-01,-1.766
1864-02-01,-0.471
1864-03-01,-0.314
1864-04-01,-0.895
1864-05-01,-0.906
1864-06-01,0.435
1864-07-01,0.023
1864-08-01,-0.276
1864-09-01,-0.463
1864-10-01,-1.684
1864-11-01,-1.893
1864-12-01,-1.905
1865-01-01,0.382
1865-02-01,-1.805
1865-03-01,-2.091
1865-04-01,-0.294
1865-05-01,0.222
1865-06-01,-0.308
1865-07-01,0.411
1865-08-01,-0.176
1865-09-01,0.531
1865-10-01,-0.464
1865-11-01,0.175
1865-12-01,-0.603
1866-01-01,1.153
1866-02-01,-0.541
1866-03-01,-0.985
1866-04-01,-0.108
1866-05-01,-1.101
1866-06-01,0.284
1866-07-01,0.221
1866-08-01,-0.502
1866-09-01,0.135
1866-10-01,-1.1
1866-11-01,-0.595
1866-12-01,-0.24
1867-01-01,-0.829
1867-02-01,0.95
1867-03-01,-2.557
1867-04-01,-0.529
1867-05-01,-1.704
1867-06-01,-0.356
1867-07-01,-0.407
1867-08-01,-0.135
1867-09-01,-0.038
1867-10-01,-0.187
1867-11-01,-0.888
1867-12-01,-1.288
1868-01-01,-1.437
1868-02-01,-0.842
1868-03-01,-0.161
1868-04-01,-0.693
1868-05-01,0.297
1868-06-01,0.27
1868-07-01,0.809
1868-08-01,0.399
1868-09-01,-0.353
1868-10-01,-0.246
1868-11-01,-1.454
1868-12-01,0.067
1869-01-01,-0.178
1869-02-01,1.638
1869-03-01,-1.449
1869-04-01,-0.38
1869-05-01,-0.371
1869-06-01,-0.399
1869-07-01,0.058
1869-08-01,0.379
1869-09-01,0.053
1869-10-01,-1.147
1869-11-01,-0.83
1869-12-01,-0.66
1870-01-01,0.248
1870-02-01,-1.688
1870-03-01,-1.339
1870-04-01,-0.371
1870-05-01,0.391
1870-06-01,0.256
1870-07-01,0.528
1870-08-01,-0.451
1870-09-01,-0.256
1870-10-01,-0.702
1870-11-01,0.169
1870-12-01,-2.468
1871-01-01,-1.526
1871-02-01,-1.71
1871-03-01,0.387
1871-04-01,-0.17
1871-05-01,-0.898
1871-06-01,-0.442
1871-07-01,0.201
1871-08-01,0.247
1871-09-01,-0.64
1871-10-01,-0.557
1871-11-01,-1.516
1871-12-01,-1.804
1872-01-01,-0.205
1872-02-01,-0.679
1872-03-01,-0.759
1872-04-01,0.28
1872-05-01,0.408
1872-06-01,0.004
1872-07-01,0.055
1872-08-01,0.064
1872-09-01,-0.087
1872-10-01,-0.173
1872-11-01,-0.74
1872-12-01,-1.012
1873-01-01,0.222
1873-02-01,-0.648
1873-03-01,-0.386
1873-04-01,-1.149
1873-05-01,-0.861
1873-06-01,0.129
1873-07-01,0.218
1873-08-01,0.108
1873-09-01,-0.627
1873-10-01,-0.584
1873-11-01,-0.902
1873-12-01,0.068
1874-01-01,0.727
1874-02-01,-0.239
1874-03-01,-1.028
1874-04-01,-0.769
1874-05-01,-0.664
1874-06-01,-0.088
1874-07-01,0.062
1874-08-01,-0.23
1874-09-01,0.167
1874-10-01,0.024
1874-11-01,-0.73
1874-12-01,-0.381
1875-01-01,-1.603
1875-02-01,-2.099
1875-03-01,-1.821
1875-04-01,-1.243
1875-05-01,-0.053
1875-06-01,0.261
1875-07-01,-0.165
1875-08-01,-0.138
1875-09-01,-0.638
1875-10-01,-0.966
1875-11-01,-1.484
1875-12-01,-0.956
1876-01-01,-0.16
1876-02-01,-0.105
1876-03-01,-0.778
1876-04-01,-0.323
1876-05-01,-0.949
1876-06-01,0.363
1876-07-01,0.274
1876-08-01,0.192
1876-09-01,-0.243
1876-10-01,-0.509
1876-11-01,-1.437
1876-12-01,-2.086
1877-01-01,-0.362
1877-02-01,-0.074
1877-03-01,-0.945
1877-04-01,-1.027
1877-05-01,-0.892
1877-06-01,0.103
1877-07-01,0.202
1877-08-01,0.288
1877-09-01,-0.281
1877-10-01,-0.679
1877-11-01,0.207
1877-12-01,0.353
1878-01-01,-0.357
1878-02-01,0.96
1878-03-01,0.913
1878-04-01,0.571
1878-05-01,-0.309
1878-06-01,0.436
1878-07-01,0.13
1878-08-01,0.28
1878-09-01,0.292
1878-10-01,0.267
1878-11-01,-0.125
1878-12-01,-1.103
1879-01-01,-0.509
1879-02-01,-0.223
1879-03-01,-0.233
1879-04-01,-0.47
1879-05-01,-0.265
1879-06-01,-0.33
1879-07-01,-0.226
1879-08-01,-0.244
1879-09-01,-0.331
1879-10-01,0.095
1879-11-01,-1.132
1879-12-01,-1.498
1880-01-01,0.311
1880-02-01,-0.337
1880-03-01,-0.61
1880-04-01,-0.261
1880-05-01,-0.008
1880-06-01,-0.196
1880-07-01,-0.143
1880-08-01,-0.059
1880-09-01,-0.126
1880-10-01,-0.984
1880-11-01,-1.462
1880-12-01,-0.977
1881-01-01,-1.426
1881-02-01,-0.772
1881-03-01,-0.894
1881-04-01,-0.521
1881-05-01,-0.051
1881-06-01,-0.445
1881-07-01,0.019
1881-08-01,0.081
1881-09-01,-0.123
1881-10-01,-0.73
1881-11-01,-0.78
1881-12-01,-0.024
1882-01-01,0.979
1882-02-01,0.368
1882-03-01,0.283
1882-04-01,-0.667
1882-05-01,-0.757
1882-06-01,-0.521
1882-07-01,-0.373
1882-08-01,-0.058
1882-09-01,-0.223
1882-10-01,-0.579
1882-11-01,-1.061
1882-12-01,-1.098
1883-01-01,-1.447
1883-02-01,-1.13
1883-03-01,-1.434
1883-04-01,-0.724
1883-05-01,-0.507
1883-06-01,-0.051
1883-07-01,-0.171
1883-08-01,-0.352
1883-09-01,-0.347
1883-10-01,-0.432
1883-11-01,-0.635
1883-12-01,-0.406
1884-01-01,-0.616
1884-02-01,-0.465
1884-03-01,-1.059
1884-04-01,-1.246
1884-05-01,-0.854
1884-06-01,-0.766
1884-07-01,-0.615
1884-08-01,-0.677
1884-09-01,-0.555
1884-10-01,-0.54
1884-11-01,-1.366
1884-12-01,-0.694
1885-01-01,-1.625
1885-02-01,-0.853
1885-03-01,-0.969
1885-04-01,-0.773
1885-05-01,-1.005
1885-06-01,-0.605
1885-07-01,-0.161
1885-08-01,-0.701
1885-09-01,-0.594
1885-10-01,-0.876
1885-11-01,-0.787
1885-12-01,-0.08
1886-01-01,-1.271
1886-02-01,-1.347
1886-03-01,-1.222
1886-04-01,-0.336
1886-05-01,-0.279
1886-06-01,-0.468
1886-07-01,-0.124
1886-08-01,-0.214
1886-09-01,-0.2
1886-10-01,-0.342
1886-11-01,-0.674
1886-12-01,-0.245
1887-01-01,-1.106
1887-02-01,-0.823
1887-03-01,-0.633
1887-04-01,-0.677
1887-05-01,-0.043
1887-06-01,-0.4
1887-07-01,-0.09
1887-08-01,-0.561
1887-09-01,-0.062
1887-10-01,-1.012
1887-11-01,-0.536
1887-12-01,-0.688
1888-01-01,-1.477
1888-02-01,-1.23
1888-03-01,-1.616
1888-04-01,-0.255
1888-05-01,-0.606
1888-06-01,-0.403
1888-07-01,-0.347
1888-08-01,-0.442
1888-09-01,-0.272
1888-10-01,-0.472
1888-11-01,-0.716
1888-12-01,-0.599
1889-01-01,-0.675
1889-02-01,-0.725
1889-03-01,-0.516
1889-04-01,0.107
1889-05-01,0.212
1889-06-01,0.057
1889-07-01,-0.173
1889-08-01,-0.13
1889-09-01,-0.516
1889-10-01,-0.427
1889-11-01,-0.96
1889-12-01,-0.002
1890-01-01,-0.08
1890-02-01,-0.229
1890-03-01,-0.496
1890-04-01,-0.062
1890-05-01,-0.412
1890-06-01,-0.261
1890-07-01,-0.127
1890-08-01,-0.138
1890-09-01,-0.145
1890-10-01,-0.44
1890-11-01,-0.831
1890-12-01,-0.684
1891-01-01,-0.923
1891-02-01,-0.907
1891-03-01,-0.784
1891-04-01,-0.707
1891-05-01,-0.464
1891-06-01,-0.411
1891-07-01,-0.258
1891-08-01,-0.293
1891-09-01,0.053
1891-10-01,-0.445
1891-11-01,-1.228
1891-12-01,0.484
1892-01-01,-0.819
1892-02-01,-0.069
1892-03-01,-1.252
1892-04-01,-0.749
1892-05-01,-0.541
1892-06-01,-0.147
1892-07-01,-0.296
1892-08-01,-0.245
1892-09-01,0.058
1892-10-01,-0.288
1892-11-01,-1.053
1892-12-01,-1.608
1893-01-01,-2.682
1893-02-01,-1.888
1893-03-01,-0.708
1893-04-01,-0.601
1893-05-01,-0.786
1893-06-01,-0.22
1893-07-01,-0.056
1893-08-01,-0.165
1893-09-01,-0.23
1893-10-01,-0.104
1893-11-01,-0.545
1893-12-01,-0.315
1894-01-01,-0.654
1894-02-01,-0.241
1894-03-01,-0.003
1894-04-01,-0.181
1894-05-01,-0.188
1894-06-01,-0.308
1894-07-01,-0.061
1894-08-01,-0.107
1894-09-01,-0.433
1894-10-01,-0.342
1894-11-01,-0.58
1894-12-01,-0.397
1895-01-01,-1.248
1895-02-01,-1.803
1895-03-01,-0.819
1895-04-01,-0.227
1895-05-01,-0.221
1895-06-01,-0.293
1895-07-01,-0.329
1895-08-01,-0.286
1895-09-01,0.127
1895-10-01,-0.385
1895-11-01,-0.367
1895-12-01,-0.366
1896-01-01,-0.33
1896-02-01,-0.273
1896-03-01,-1.012
1896-04-01,-0.786
1896-05-01,-0.065
1896-06-01,0.172
1896-07-01,0.017
1896-08-01,-0.135
1896-09-01,-0.162
1896-10-01,-0.019
1896-11-01,-1.198
1896-12-01,-0.261
1897-01-01,-0.611
1897-02-01,-0.358
1897-03-01,-0.978
1897-04-01,-0.178
1897-05-01,0.237
1897-06-01,-0.126
1897-07-01,0.122
1897-08-01,0.077
1897-09-01,0.272
1897-10-01,-0.094
1897-11-01,-0.734
1897-12-01,-0.858
1898-01-01,0.496
1898-02-01,-0.429
1898-03-01,-1.75
1898-04-01,-0.645
1898-05-01,-0.327
1898-06-01,-0.162
1898-07-01,-0.147
1898-08-01,0.104
1898-09-01,-0.006
1898-10-01,-0.538
1898-11-01,-0.382
1898-12-01,-0.075
1899-01-01,0.21
1899-02-01,-0.921
1899-03-01,-1.104
1899-04-01,-0.253
1899-05-01,-0.305
1899-06-01,-0.414
1899-07-01,-0.064
1899-08-01,-0.091
1899-09-01,0.134
1899-10-01,0.081
1899-11-01,0.66
1899-12-01,-0.964
1900-01-01,-0.561
1900-02-01,-0.718
1900-03-01,-0.499
1900-04-01,-0.426
1900-05-01,-0.102
1900-06-01,-0.006
1900-07-01,-0.168
1900-08-01,0.086
1900-09-01,-0.066
1900-10-01,0.539
1900-11-01,-0.315
1900-12-01,0.373
1901-01-01,-0.126
1901-02-01,-0.672
1901-03-01,0.083
1901-04-01,0.208
1901-05-01,-0.087
1901-06-01,0.239
1901-07-01,0.343
1901-08-01,0.192
1901-09-01,-0.191
1901-10-01,-0.097
1901-11-01,-0.516
1901-12-01,-0.617
1902-01-01,0.341
1902-02-01,0.01
1902-03-01,-0.295
1902-04-01,-0.686
1902-05-01,-0.579
1902-06-01,-0.433
1902-07-01,-0.467
1902-08-01,-0.221
1902-09-01,-0.428
1902-10-01,-0.582
1902-11-01,-0.867
1902-12-01,-1.093
1903-01-01,0.01
1903-02-01,0.286
1903-03-01,-0.189
1903-04-01,-0.499
1903-05-01,-0.571
1903-06-01,-0.614
1903-07-01,-0.531
1903-08-01,-0.406
1903-09-01,-0.371
1903-10-01,-0.476
1903-11-01,-0.639
1903-12-01,-0.73
1904-01-01,-0.767
1904-02-01,-0.499
1904-03-01,-0.887
1904-04-01,-0.69
1904-05-01,-0.434
1904-06-01,-0.466
1904-07-01,-0.539
1904-08-01,-0.299
1904-09-01,-0.489
1904-10-01,-0.211
1904-11-01,-0.176
1904-12-01,-0.388
1905-01-01,-0.572
1905-02-01,-1.538
1905-03-01,-0.627
1905-04-01,-0.915
1905-05-01,-0.357
1905-06-01,-0.133
1905-07-01,-0.101
1905-08-01,-0.112
1905-09-01,0.042
1905-10-01,-0.332
1905-11-01,0.227
1905-12-01,0.15
1906-01-01,0.113
1906-02-01,-0.674
1906-03-01,-0.63
1906-04-01,0.167
1906-05-01,0.04
1906-06-01,0.047
1906-07-01,-0.122
1906-08-01,-0.025
1906-09-01,-0.123
1906-10-01,-0.086
1906-11-01,-0.415
1906-12-01,0.152
1907-01-01,-0.623
1907-02-01,-0.965
1907-03-01,-0.541
1907-04-01,-1.013
1907-05-01,-1.016
1907-06-01,-0.732
1907-07-01,-0.407
1907-08-01,-0.457
1907-09-01,-0.273
1907-10-01,0.047
1907-11-01,-0.845
1907-12-01,-0.515
1908-01-01,-0.142
1908-02-01,-0.306
1908-03-01,-1.045
1908-04-01,-0.502
1908-05-01,-0.348
1908-06-01,-0.21
1908-07-01,-0.323
1908-08-01,-0.407
1908-09-01,-0.101
1908-10-01,-0.438
1908-11-01,-0.923
1908-12-01,-0.456
1909-01-01,-0.678
1909-02-01,-0.536
1909-03-01,-0.999
1909-04-01,-0.894
1909-05-01,-0.689
1909-06-01,-0.418
1909-07-01,-0.364
1909-08-01,-0.004
1909-09-01,0.058
1909-10-01,0.044
1909-11-01,0.24
1909-12-01,-0.538
1910-01-01,0.131
1910-02-01,-0.318
1910-03-01,-0.073
1910-04-01,-0.175
1910-05-01,-0.318
1910-06-01,-0.34
1910-07-01,-0.115
1910-08-01,-0.261
1910-09-01,-0.295
1910-10-01,-0.175
1910-11-01,-0.794
1910-12-01,-0.72
1911-01-01,-0.598
1911-02-01,-0.991
1911-03-01,-0.867
1911-04-01,-0.667
1911-05-01,-0.291
1911-06-01,-0.107
1911-07-01,-0.144
1911-08-01,-0.081
1911-09-01,-0.022
1911-10-01,-0.301
1911-11-01,-0.16
1911-12-01,-0.002
1912-01-01,-0.666
1912-02-01,-0.076
1912-03-01,-0.799
1912-04-01,-0.477
1912-05-01,-0.242
1912-06-01,-0.011
1912-07-01,-0.581
1912-08-01,-0.792
1912-09-01,-0.872
1912-10-01,-1.091
1912-11-01,-0.677
1912-12-01,-0.353
1913-01-01,-0.218
1913-02-01,-0.878
1913-03-01,-0.633
1913-04-01,-0.246
1913-05-01,-0.712
1913-06-01,-0.599
1913-07-01,-0.509
1913-08-01,-0.115
1913-09-01,-0.241
1913-10-01,-0.413
1913-11-01,0.335
1913-12-01,0.42
1914-01-01,0.763
1914-02-01,0.231
1914-03-01,-0.169
1914-04-01,-0.474
1914-05-01,-0.076
1914-06-01,-0.156
1914-07-01,-0.132
1914-08-01,-0.146
1914-09-01,-0.213
1914-10-01,-0.011
1914-11-01,-0.425
1914-12-01,-0.4
1915-01-01,0.068
1915-02-01,0.289
1915-03-01,-0.889
1915-04-01,0.106
1915-05-01,-0.214
1915-06-01,-0.128
1915-07-01,-0.134
1915-08-01,-0.137
1915-09-01,-0.141
1915-10-01,-0.239
1915-11-01,0.037
1915-12-01,0.042
1916-01-01,0.22
1916-02-01,-0.084
1916-03-01,-0.926
1916-04-01,-0.328
1916-05-01,-0.464
1916-06-01,-0.555
1916-07-01,-0.019
1916-08-01,-0.175
1916-09-01,-0.468
1916-10-01,-0.334
1916-11-01,-0.238
1916-12-01,-1.005
1917-01-01,-0.657
1917-02-01,-1.337
1917-03-01,-1.442
1917-04-01,-0.691
1917-05-01,-1.103
1917-06-01,-0.342
1917-07-01,-0.092
1917-08-01,-0.049
1917-09-01,-0.017
1917-10-01,-0.608
1917-11-01,-0.109
1917-12-01,-1.594
1918-01-01,-0.786
1918-02-01,-0.44
1918-03-01,-0.382
1918-04-01,-0.675
1918-05-01,-0.75
1918-06-01,-0.522
1918-07-01,-0.248
1918-08-01,-0.295
1918-09-01,-0.147
1918-10-01,0.337
1918-11-01,-0.295
1918-12-01,-0.441
1919-01-01,-0.028
1919-02-01,-0.33
1919-03-01,-0.736
1919-04-01,-0.238
1919-05-01,-0.612
1919-06-01,-0.202
1919-07-01,-0.145
1919-08-01,0.017
1919-09-01,0.194
1919-10-01,-0.194
1919-11-01,-1.041
1919-12-01,-0.835
1920-01-01,0.013
1920-02-01,-0.531
1920-03-01,0.104
1920-04-01,-0.288
1920-05-01,-0.044
1920-06-01,-0.234
1920-07-01,0.036
1920-08-01,-0.04
1920-09-01,-0.003
1920-10-01,-0.329
1920-11-01,-0.709
1920-12-01,-0.608
1921-01-01,0.727
1921-02-01,-0.057
1921-03-01,0.183
1921-04-01,0.17
1921-05-01,0.003
1921-06-01,0.129
1921-07-01,0.141
1921-08-01,-0.168
1921-09-01,-0.159
1921-10-01,-0.058
1921-11-01,-0.761
1921-12-01,-0.047
1922-01-01,-0.696
1922-02-01,-0.61
1922-03-01,-0.337
1922-04-01,-0.187
1922-05-01,0.03
1922-06-01,0.016
1922-07-01,-0.164
1922-08-01,-0.097
1922-09-01,-0.186
1922-10-01,-0.215
1922-11-01,-0.201
1922-12-01,-0.174
1923-01-01,0.231
1923-02-01,-0.932
1923-03-01,-0.544
1923-04-01,-1.02
1923-05-01,-0.417
1923-06-01,-0.326
1923-07-01,-0.217
1923-08-01,-0.294
1923-09-01,-0.005
1923-10-01,0.276
1923-11-01,0.416
1923-12-01,0.384
1924-01-01,-0.501
1924-02-01,-0.469
1924-03-01,-0.552
1924-04-01,-0.522
1924-05-01,-0.256
1924-06-01,-0.126
1924-07-01,-0.178
1924-08-01,-0.045
1924-09-01,0.032
1924-10-01,0.019
1924-11-01,0.099
1924-12-01,-0.562
1925-01-01,-0.152
1925-02-01,0.072
1925-03-01,-0.203
1925-04-01,-0.063
1925-05-01,-0.228
1925-06-01,-0.214
1925-07-01,-0.154
1925-08-01,0.048
1925-09-01,0.139
1925-10-01,-0.421
1925-11-01,0.013
1925-12-01,0.257
1926-01-01,0.707
1926-02-01,0.536
1926-03-01,0.022
1926-04-01,-0.489
1926-05-01,-0.303
1926-06-01,-0.176
1926-07-01,-0.225
1926-08-01,-0.041
1926-09-01,0.02
1926-10-01,-0.072
1926-11-01,0.161
1926-12-01,-0.458
1927-01-01,-0.31
1927-02-01,-0.134
1927-03-01,-0.515
1927-04-01,-0.413
1927-05-01,-0.334
1927-06-01,-0.096
1927-07-01,0.195
1927-08-01,0.011
1927-09-01,0.212
1927-10-01,0.41
1927-11-01,-0.045
1927-12-01,-1.047
1928-01-01,0.374
1928-02-01,0.008
1928-03-01,-0.73
1928-04-01,-0.554
1928-05-01,-0.137
1928-06-01,-0.495
1928-07-01,-0.001
1928-08-01,-0.154
1928-09-01,-0.068
1928-10-01,-0.037
1928-11-01,0.112
1928-12-01,0.038
1929-01-01,-0.958
1929-02-01,-1.983
1929-03-01,-0.464
1929-04-01,-0.724
1929-05-01,-0.236
1929-06-01,-0.396
1929-07-01,-0.275
1929-08-01,-0.026
1929-09-01,-0.163
1929-10-01,0.139
1929-11-01,0.082
1929-12-01,-0.871
1930-01-01,-0.369
1930-02-01,-0.157
1930-03-01,0.043
1930-04-01,-0.095
1930-05-01,-0.274
1930-06-01,-0.156
1930-07-01,0.123
1930-08-01,0.363
1930-09-01,-0.056
1930-10-01,-0.027
1930-11-01,0.268
1930-12-01,-0.018
1931-01-01,0.162
1931-02-01,-0.647
1931-03-01,-0.371
1931-04-01,-0.344
1931-05-01,-0.233
1931-06-01,0.204
1931-07-01,0.29
1931-08-01,0.29
1931-09-01,0.213
1931-10-01,0.438
1931-11-01,0.24
1931-12-01,0.194
1932-01-01,1.134
1932-02-01,-0.617
1932-03-01,-0.948
1932-04-01,0.078
1932-05-01,-0.184
1932-06-01,-0.103
1932-07-01,-0.061
1932-08-01,0.186
1932-09-01,0.251
1932-10-01,0.209
1932-11-01,-0.422
1932-12-01,-0.132
1933-01-01,-0.616
1933-02-01,-0.853
1933-03-01,-0.821
1933-04-01,-0.431
1933-05-01,-0.313
1933-06-01,-0.278
1933-07-01,0.208
1933-08-01,0.093
1933-09-01,0.009
1933-10-01,-0.038
1933-11-01,-0.248
1933-12-01,-0.937
1934-01-01,0.003
1934-02-01,0.511
1934-03-01,-0.572
1934-04-01,-0.356
1934-05-01,0.324
1934-06-01,-0.026
1934-07-01,0.032
1934-08-01,0.007
1934-09-01,-0.123
1934-10-01,0.29
1934-11-01,0.527
1934-12-01,0.356
1935-01-01,-0.525
1935-02-01,1.161
1935-03-01,-0.068
1935-04-01,-0.559
1935-05-01,-0.529
1935-06-01,-0.112
1935-07-01,0.062
1935-08-01,0.12
1935-09-01,0.062
1935-10-01,0.382
1935-11-01,-0.671
1935-12-01,-0.403
1936-01-01,-0.395
1936-02-01,-1.194
1936-03-01,-0.478
1936-04-01,-0.298
1936-05-01,-0.024
1936-06-01,0.142
1936-07-01,0.333
1936-08-01,0.166
1936-09-01,0.153
1936-10-01,0.135
1936-11-01,0.23
1936-12-01,0.487
1937-01-01,-0.091
1937-02-01,0.317
1937-03-01,-0.906
1937-04-01,-0.233
1937-05-01,0.131
1937-06-01,0.218
1937-07-01,0.217
1937-08-01,0.368
1937-09-01,0.488
1937-10-01,0.549
1937-11-01,0.127
1937-12-01,-0.402
1938-01-01,0.375
1938-02-01,0.363
1938-03-01,0.478
1938-04-01,0.521
1938-05-01,-0.029
1938-06-01,-0.081
1938-07-01,0.159
1938-08-01,0.421
1938-09-01,0.425
1938-10-01,0.605
1938-11-01,0.55
1938-12-01,-0.572
1939-01-01,0.128
1939-02-01,0.218
1939-03-01,-0.511
1939-04-01,-0.082
1939-05-01,0.015
1939-06-01,0.104
1939-07-01,0.181
1939-08-01,0.306
1939-09-01,0.087
1939-10-01,-0.179
1939-11-01,0.283
1939-12-01,1.249
1940-01-01,-1.088
1940-02-01,-0.061
1940-03-01,-0.269
1940-04-01,0.214
1940-05-01,-0.088
1940-06-01,0.078
1940-07-01,0.14
1940-08-01,0.028
1940-09-01,0.238
1940-10-01,0.037
1940-11-01,0.113
1940-12-01,0.288
1941-01-01,-0.104
1941-02-01,0.25
1941-03-01,-0.404
1941-04-01,-0.083
1941-05-01,0.004
1941-06-01,0.179
1941-07-01,0.184
1941-08-01,0.081
1941-09-01,-0.102
1941-10-01,0.308
1941-11-01,-0.284
1941-12-01,-0.315
1942-01-01,-0.018
1942-02-01,-0.661
1942-03-01,-0.432
1942-04-01,-0.156
1942-05-01,-0.113
1942-06-01,0.146
1942-07-01,-0.015
1942-08-01,-0.135
1942-09-01,0.111
1942-10-01,0.329
1942-11-01,0.128
1942-12-01,0.131
1943-01-01,-0.539
1943-02-01,0.483
1943-03-01,-0.335
1943-04-01,0.34
1943-05-01,0.283
1943-06-01,-0.177
1943-07-01,0.006
1943-08-01,0.115
1943-09-01,0.175
1943-10-01,0.541
1943-11-01,0.185
1943-12-01,0.502
1944-01-01,1.047
1944-02-01,0.54
1944-03-01,0.122
1944-04-01,-0.121
1944-05-01,0.183
1944-06-01,-0.014
1944-07-01,0.033
1944-08-01,0.114
1944-09-01,0.413
1944-10-01,0.418
1944-11-01,-0.117
1944-12-01,-0.618
1945-01-01,-0.431
1945-02-01,-0.667
1945-03-01,-0.273
1945-04-01,0.242
1945-05-01,-0.211
1945-06-01,-0.109
1945-07-01,-0.15
1945-08-01,0.354
1945-09-01,0.205
1945-10-01,0.224
1945-11-01,-0.093
1945-12-01,-0.889
1946-01-01,0.343
1946-02-01,0.253
1946-03-01,-0.265
1946-04-01,0.453
1946-05-01,-0.172
1946-06-01,-0.137
1946-07-01,-0.012
1946-08-01,0.012
1946-09-01,0.088
1946-10-01,-0.068
1946-11-01,0.095
1946-12-01,-0.777
1947-01-01,-0.48
1947-02-01,-0.55
1947-03-01,0.07
1947-04-01,0.301
1947-05-01,-0.058
1947-06-01,-0.097
1947-07-01,-0.018
1947-08-01,0.149
1947-09-01,0.245
1947-10-01,0.757
1947-11-01,0.179
1947-12-01,-0.162
1948-01-01,0.741
1948-02-01,-0.038
1948-03-01,-0.378
1948-04-01,0.138
1948-05-01,0.332
1948-06-01,0.155
1948-07-01,-0.065
1948-08-01,0.096
1948-09-01,0.098
1948-10-01,0.254
1948-11-01,0.229
1948-12-01,-0.289
1949-01-01,0.613
1949-02-01,-0.26
1949-03-01,-0.407
1949-04-01,0.077
1949-05-01,0.059
1949-06-01,-0.199
1949-07-01,-0.216
1949-08-01,0.022
1949-09-01,0.005
1949-10-01,0.316
1949-11-01,0.09
1949-12-01,-0.396
1950-01-01,-0.728
1950-02-01,-0.411
1950-03-01,-0.201
1950-04-01,-0.313
1950-05-01,-0.097
1950-06-01,-0.093
1950-07-01,-0.305
1950-08-01,-0.258
1950-09-01,-0.083
1950-10-01,-0.024
1950-11-01,-0.76
1950-12-01,-0.311
1951-01-01,-0.587
1951-02-01,-0.973
1951-03-01,-0.64
1951-04-01,0.066
1951-05-01,0.036
1951-06-01,-0.138
1951-07-01,-0.015
1951-08-01,0.287
1951-09-01,0.342
1951-10-01,0.262
1951-11-01,-0.025
1951-12-01,0.676
1952-01-01,0.297
1952-02-01,0.041
1952-03-01,-0.693
1952-04-01,0.035
1952-05-01,-0.011
1952-06-01,0.144
1952-07-01,0.197
1952-08-01,0.099
1952-09-01,0.187
1952-10-01,-0.167
1952-11-01,-0.653
1952-12-01,-0.28
1953-01-01,0.295
1953-02-01,0.36
1953-03-01,0.263
1953-04-01,0.318
1953-05-01,0.168
1953-06-01,0.309
1953-07-01,0.25
1953-08-01,0.252
1953-09-01,0.176
1953-10-01,0.382
1953-11-01,-0.198
1953-12-01,0.361
1954-01-01,-0.646
1954-02-01,-0.221
1954-03-01,-0.507
1954-04-01,-0.188
1954-05-01,-0.276
1954-06-01,0.019
1954-07-01,-0.117
1954-08-01,-0.012
1954-09-01,0.116
1954-10-01,0.19
1954-11-01,0.455
1954-12-01,-0.221
1955-01-01,0.63
1955-02-01,-0.134
1955-03-01,-0.976
1955-04-01,-0.389
1955-05-01,-0.1
1955-06-01,-0.049
1955-07-01,-0.049
1955-08-01,0.134
1955-09-01,0.023
1955-10-01,0.132
1955-11-01,-0.44
1955-12-01,-0.491
1956-01-01,-0.223
1956-02-01,-0.867
1956-03-01,-0.688
1956-04-01,-0.568
1956-05-01,-0.378
1956-06-01,-0.229
1956-07-01,-0.349
1956-08-01,-0.387
1956-09-01,-0.401
1956-10-01,-0.338
1956-11-01,-0.534
1956-12-01,-0.394
1957-01-01,-0.28
1957-02-01,-0.233
1957-03-01,-0.627
1957-04-01,-0.246
1957-05-01,-0.252
1957-06-01,0.006
1957-07-01,-0.071
1957-08-01,0.065
1957-09-01,0.124
1957-10-01,-0.116
1957-11-01,0.109
1957-12-01,0.428
1958-01-01,0.675
1958-02-01,0.271
1958-03-01,-0.209
1958-04-01,-0.106
1958-05-01,-0.027
1958-06-01,-0.122
1958-07-01,-0.118
1958-08-01,0.061
1958-09-01,-0.044
1958-10-01,-0.013
1958-11-01,0.043
1958-12-01,0.116
1959-01-01,0.23
1959-02-01,0.118
1959-03-01,0.266
1959-04-01,0.137
1959-05-01,-0.073
1959-06-01,0.135
1959-07-01,-0.016
1959-08-01,0.077
1959-09-01,0.108
1959-10-01,-0.183
1959-11-01,-0.309
1959-12-01,0.008
1960-01-01,0.021
1960-02-01,0.6
1960-03-01,-0.895
1960-04-01,-0.337
1960-05-01,-0.189
1960-06-01,0.186
1960-07-01,-0.03
1960-08-01,0.049
1960-09-01,0.086
1960-10-01,-0.042
1960-11-01,-0.21
1960-12-01,0.489
1961-01-01,0.156
1961-02-01,0.441
1961-03-01,0.192
1961-04-01,0.113
1961-05-01,0.065
1961-06-01,0.17
1961-07-01,-0.015
1961-08-01,-0.002
1961-09-01,-0.036
1961-10-01,-0.221
1961-11-01,-0.013
1961-12-01,-0.259
1962-01-01,0.333
1962-02-01,0.451
1962-03-01,-0.005
1962-04-01,0.168
1962-05-01,0.027
1962-06-01,-0.304
1962-07-01,0.043
1962-08-01,-0.038
1962-09-01,-0.082
1962-10-01,0.201
1962-11-01,0.038
1962-12-01,0.119
1963-01-01,0.008
1963-02-01,0.622
1963-03-01,-0.393
1963-04-01,-0.226
1963-05-01,-0.173
1963-06-01,-0.147
1963-07-01,0.07
1963-08-01,0.082
1963-09-01,0.192
1963-10-01,0.58
1963-11-01,0.525
1963-12-01,-0.137
1964-01-01,-0.051
1964-02-01,-0.384
1964-03-01,-0.709
1964-04-01,-0.461
1964-05-01,-0.119
1964-06-01,-0.167
1964-07-01,-0.166
1964-08-01,-0.291
1964-09-01,-0.327
1964-10-01,-0.337
1964-11-01,-0.23
1964-12-01,-0.356
1965-01-01,0.049
1965-02-01,-0.685
1965-03-01,-0.272
1965-04-01,-0.52
1965-05-01,-0.281
1965-06-01,-0.256
1965-07-01,-0.276
1965-08-01,-0.347
1965-09-01,-0.305
1965-10-01,-0.018
1965-11-01,-0.294
1965-12-01,-0.156
1966-01-01,-0.307
1966-02-01,-0.082
1966-03-01,-0.176
1966-04-01,-0.418
1966-05-01,-0.208
1966-06-01,-0.005
1966-07-01,0.033
1966-08-01,0.172
1966-09-01,0.08
1966-10-01,-0.106
1966-11-01,-0.179
1966-12-01,-0.394
1967-01-01,-0.384
1967-02-01,-0.547
1967-03-01,0.033
1967-04-01,-0.118
1967-05-01,0.123
1967-06-01,-0.208
1967-07-01,-0.039
1967-08-01,-0.041
1967-09-01,-0.138
1967-10-01,0.428
1967-11-01,0.078
1967-12-01,-0.11
1968-01-01,-0.463
1968-02-01,-0.292
1968-03-01,0.639
1968-04-01,-0.104
1968-05-01,-0.172
1968-06-01,-0.291
1968-07-01,-0.287
1968-08-01,-0.242
1968-09-01,-0.141
1968-10-01,-0.154
1968-11-01,-0.385
1968-12-01,-0.527
1969-01-01,-1.013
1969-02-01,-1.139
1969-03-01,-0.528
1969-04-01,-0.109
1969-05-01,-0.102
1969-06-01,-0.178
1969-07-01,-0.048
1969-08-01,-0.063
1969-09-01,-0.075
1969-10-01,-0.07
1969-11-01,0.199
1969-12-01,0.346
1970-01-01,-0.139
1970-02-01,0.332
1970-03-01,-0.431
1970-04-01,-0.062
1970-05-01,-0.106
1970-06-01,0.004
1970-07-01,-0.023
1970-08-01,-0.05
1970-09-01,-0.046
1970-10-01,-0.309
1970-11-01,-0.066
1970-12-01,-0.405
1971-01-01,-0.001
1971-02-01,-0.474
1971-03-01,-0.637
1971-04-01,-0.391
1971-05-01,-0.225
1971-06-01,-0.241
1971-07-01,-0.239
1971-08-01,-0.183
1971-09-01,-0.044
1971-10-01,-0.063
1971-11-01,0.171
1971-12-01,0.017
1972-01-01,-1.004
1972-02-01,-0.82
1972-03-01,-0.237
1972-04-01,-0.172
1972-05-01,-0.33
1972-06-01,-0.143
1972-07-01,-0.124
1972-08-01,-0.106
1972-09-01,-0.429
1972-10-01,-0.111
1972-11-01,-0.456
1972-12-01,-0.142
1973-01-01,0.021
1973-02-01,0.663
1973-03-01,0.358
1973-04-01,0.268
1973-05-01,0.129
1973-06-01,0.199
1973-07-01,0.072
1973-08-01,0.056
1973-09-01,-0.066
1973-10-01,-0.053
1973-11-01,-0.117
1973-12-01,0.027
1974-01-01,-0.491
1974-02-01,-0.672
1974-03-01,-0.131
1974-04-01,-0.06
1974-05-01,-0.24
1974-06-01,-0.158
1974-07-01,-0.113
1974-08-01,-0.1
1974-09-01,-0.17
1974-10-01,-0.396
1974-11-01,-0.33
1974-12-01,-0.348
1975-01-01,0.359
1975-02-01,0.079
1975-03-01,0.167
1975-04-01,0.149
1975-05-01,0.028
1975-06-01,-0.004
1975-07-01,-0.029
1975-08-01,-0.073
1975-09-01,0.074
1975-10-01,-0.072
1975-11-01,-0.298
1975-12-01,-0.268
1976-01-01,0.163
1976-02-01,-0.264
1976-03-01,-0.852
1976-04-01,-0.027
1976-05-01,-0.291
1976-06-01,-0.293
1976-07-01,-0.376
1976-08-01,-0.259
1976-09-01,-0.147
1976-10-01,-0.865
1976-11-01,-0.59
1976-12-01,-0.494
1977-01-01,-0.658
1977-02-01,0.094
1977-03-01,0.382
1977-04-01,0.399
1977-05-01,0.254
1977-06-01,0.291
1977-07-01,0.049
1977-08-01,-0.081
1977-09-01,0.099
1977-10-01,-0.188
1977-11-01,0.533
1977-12-01,0.015
1978-01-01,0.078
1978-02-01,-0.154
1978-03-01,0.128
1978-04-01,0.043
1978-05-01,-0.128
1978-06-01,-0.185
1978-07-01,-0.198
1978-08-01,-0.288
1978-09-01,-0.055
1978-10-01,-0.027
1978-11-01,0.279
1978-12-01,-0.172
1979-01-01,-0.246
1979-02-01,-0.488
1979-03-01,-0.029
1979-04-01,-0.409
1979-05-01,-0.06
1979-06-01,0.101
1979-07-01,0.013
1979-08-01,-0.059
1979-09-01,0.127
1979-10-01,0.237
1979-11-01,0.123
1979-12-01,0.832
1980-01-01,0.038
1980-02-01,0.267
1980-03-01,-0.359
1980-04-01,0.115
1980-05-01,0.194
1980-06-01,0.192
1980-07-01,0.079
1980-08-01,0.019
1980-09-01,0.047
1980-10-01,0.115
1980-11-01,0.359
1980-12-01,0.076
1981-01-01,1.093
1981-02-01,0.865
1981-03-01,0.783
1981-04-01,0.475
1981-05-01,0.069
1981-06-01,0.252
1981-07-01,0.105
1981-08-01,0.28
1981-09-01,0.107
1981-10-01,0.138
1981-11-01,0.246
1981-12-01,0.624
1982-01-01,-0.418
1982-02-01,0.097
1982-03-01,-0.357
1982-04-01,0.08
1982-05-01,-0.064
1982-06-01,-0.161
1982-07-01,0.076
1982-08-01,-0.092
1982-09-01,0.127
1982-10-01,-0.102
1982-11-01,-0.312
1982-12-01,0.459
1983-01-01,0.83
1983-02-01,0.381
1983-03-01,0.321
1983-04-01,0.052
1983-05-01,-0.021
1983-06-01,0.066
1983-07-01,0.353
1983-08-01,0.402
1983-09-01,0.403
1983-10-01,0.186
1983-11-01,0.738
1983-12-01,0.118
1984-01-01,0.299
1984-02-01,-0.17
1984-03-01,0.054
1984-04-01,-0.148
1984-05-01,0.263
1984-06-01,0.092
1984-07-01,0.042
1984-08-01,0.09
1984-09-01,-0.208
1984-10-01,0.023
1984-11-01,-0.312
1984-12-01,-0.802
1985-01-01,-0.1
1985-02-01,-0.527
1985-03-01,-0.236
1985-04-01,-0.025
1985-05-01,0.078
1985-06-01,-0.061
1985-07-01,-0.215
1985-08-01,0.05
1985-09-01,-0.09
1985-10-01,0.049
1985-11-01,-0.13
1985-12-01,0.025
1986-01-01,0.585
1986-02-01,0.223
1986-03-01,0.222
1986-04-01,0.242
1986-05-01,0.145
1986-06-01,0.15
1986-07-01,-0.071
1986-08-01,0.007
1986-09-01,-0.134
1986-10-01,0.013
1986-11-01,-0.065
1986-12-01,-0.015
1987-01-01,0.117
1987-02-01,0.86
1987-03-01,-0.291
1987-04-01,-0.005
1987-05-01,0.199
1987-06-01,0.13
1987-07-01,0.338
1987-08-01,0.246
1987-09-01,0.405
1987-10-01,0.183
1987-11-01,-0.083
1987-12-01,0.615
1988-01-01,0.709
1988-02-01,0.263
1988-03-01,0.33
1988-04-01,0.348
1988-05-01,0.424
1988-06-01,0.503
1988-07-01,0.459
1988-08-01,0.323
1988-09-01,0.351
1988-10-01,0.3
1988-11-01,0.078
1988-12-01,0.702
1989-01-01,0.203
1989-02-01,0.611
1989-03-01,0.593
1989-04-01,0.309
1989-05-01,0.247
1989-06-01,0.203
1989-07-01,0.322
1989-08-01,0.26
1989-09-01,0.249
1989-10-01,0.339
1989-11-01,0.028
1989-12-01,0.4
1990-01-01,0.475
1990-02-01,0.752
1990-03-01,1.593
1990-04-01,0.77
1990-05-01,0.441
1990-06-01,0.592
1990-07-01,0.291
1990-08-01,0.471
1990-09-01,0.367
1990-10-01,0.519
1990-11-01,0.603
1990-12-01,0.445
1991-01-01,0.685
1991-02-01,0.646
1991-03-01,0.246
1991-04-01,0.708
1991-05-01,0.283
1991-06-01,0.561
1991-07-01,0.532
1991-08-01,0.43
1991-09-01,0.424
1991-10-01,0.424
1991-11-01,0.36
1991-12-01,0.193
1992-01-01,0.973
1992-02-01,0.717
1992-03-01,0.431
1992-04-01,-0.037
1992-05-01,0.064
1992-06-01,-0.136
1992-07-01,-0.332
1992-08-01,-0.142
1992-09-01,-0.314
1992-10-01,-0.315
1992-11-01,-0.221
1992-12-01,0.301
1993-01-01,0.583
1993-02-01,0.765
1993-03-01,0.453
1993-04-01,0.103
1993-05-01,0.201
1993-06-01,0.191
1993-07-01,0.071
1993-08-01,0.049
1993-09-01,-0.183
1993-10-01,0.053
1993-11-01,-0.621
1993-12-01,0.336
1994-01-01,0.409
1994-02-01,-0.256
1994-03-01,0.477
1994-04-01,0.604
1994-05-01,0.402
1994-06-01,0.502
1994-07-01,0.416
1994-08-01,0.375
1994-09-01,0.332
1994-10-01,0.633
1994-11-01,0.611
1994-12-01,0.361
1995-01-01,1.145
1995-02-01,1.753
1995-03-01,0.668
1995-04-01,0.691
1995-05-01,0.441
1995-06-01,0.649
1995-07-01,0.416
1995-08-01,0.686
1995-09-01,0.452
1995-10-01,0.874
1995-11-01,0.677
1995-12-01,0.205
1996-01-01,0.241
1996-02-01,0.596
1996-03-01,0.093
1996-04-01,-0.074
1996-05-01,0.324
1996-06-01,0.277
1996-07-01,0.359
1996-08-01,0.114
1996-09-01,-0.012
1996-10-01,0.064
1996-11-01,0.262
1996-12-01,0.506
1997-01-01,0.572
1997-02-01,0.851
1997-03-01,0.843
1997-04-01,0.518
1997-05-01,0.423
1997-06-01,0.533
1997-07-01,0.371
1997-08-01,0.565
1997-09-01,0.485
1997-10-01,0.691
1997-11-01,0.496
1997-12-01,0.548
1998-01-01,0.715
1998-02-01,1.562
1998-03-01,0.718
1998-04-01,1.108
1998-05-01,0.833
1998-06-01,0.935
1998-07-01,1.009
1998-08-01,0.933
1998-09-01,0.789
1998-10-01,0.709
1998-11-01,0.328
1998-12-01,1.125
1999-01-01,0.953
1999-02-01,1.611
1999-03-01,0.134
1999-04-01,0.785
1999-05-01,0.424
1999-06-01,0.478
1999-07-01,0.528
1999-08-01,0.449
1999-09-01,0.622
1999-10-01,0.632
1999-11-01,0.631
1999-12-01,1.17
2000-01-01,0.492
2000-02-01,1.353
2000-03-01,1.097
2000-04-01,1.286
2000-05-01,0.761
2000-06-01,0.521
2000-07-01,0.561
2000-08-01,0.64
2000-09-01,0.385
2000-10-01,0.261
2000-11-01,0.035
2000-12-01,0.239
2001-01-01,0.892
2001-02-01,0.58
2001-03-01,1.04
2001-04-01,0.837
2001-05-01,0.978
2001-06-01,0.639
2001-07-01,0.786
2001-08-01,0.92
2001-09-01,0.594
2001-10-01,0.797
2001-11-01,1.396
2001-12-01,0.686
2002-01-01,1.657
2002-02-01,1.974
2002-03-01,1.504
2002-04-01,0.684
2002-05-01,0.521
2002-06-01,0.841
2002-07-01,0.937
2002-08-01,0.647
2002-09-01,0.755
2002-10-01,0.384
2002-11-01,0.813
2002-12-01,0.173
2003-01-01,1.221
2003-02-01,0.656
2003-03-01,0.682
2003-04-01,0.726
2003-05-01,0.952
2003-06-01,0.62
2003-07-01,0.712
2003-08-01,1.077
2003-09-01,0.86
2003-10-01,1.194
2003-11-01,0.788
2003-12-01,1.382
2004-01-01,0.863
2004-02-01,1.417
2004-03-01,1.208
2004-04-01,0.815
2004-05-01,0.515
2004-06-01,0.503
2004-07-01,0.518
2004-08-01,0.549
2004-09-01,0.662
2004-10-01,0.748
2004-11-01,1.33
2004-12-01,0.474
2005-01-01,1.107
2005-02-01,0.506
2005-03-01,0.996
2005-04-01,1.189
2005-05-01,0.844
2005-06-01,0.923
2005-07-01,0.917
2005-08-01,0.779
2005-09-01,1.169
2005-10-01,1.304
2005-11-01,1.497
2005-12-01,0.981
2006-01-01,0.62
2006-02-01,1.173
2006-03-01,0.946
2006-04-01,0.732
2006-05-01,0.844
2006-06-01,1.146
2006-07-01,0.857
2006-08-01,0.874
2006-09-01,0.903
2006-10-01,1.143
2006-11-01,1.074
2006-12-01,1.719
2007-01-01,2.24
2007-02-01,1.131
2007-03-01,1.272
2007-04-01,1.337
2007-05-01,0.995
2007-06-01,0.864
2007-07-01,0.864
2007-08-01,1.04
2007-09-01,0.833
2007-10-01,1.145
2007-11-01,1.012
2007-12-01,1.141
2008-01-01,0.349
2008-02-01,0.64
2008-03-01,1.721
2008-04-01,0.875
2008-05-01,0.73
2008-06-01,0.772
2008-07-01,0.752
2008-08-01,0.713
2008-09-01,0.592
2008-10-01,1.102
2008-11-01,1.264
2008-12-01,0.823
2009-01-01,0.988
2009-02-01,1.062
2009-03-01,0.747
2009-04-01,0.959
2009-05-01,0.691
2009-06-01,0.754
2009-07-01,0.673
2009-08-01,0.773
2009-09-01,1.145
2009-10-01,0.861
2009-11-01,0.839
2009-12-01,0.464
2010-01-01,0.898
2010-02-01,0.903
2010-03-01,1.272
2010-04-01,1.231
2010-05-01,1.082
2010-06-01,1.147
2010-07-01,1.212
2010-08-01,1.188
2010-09-01,0.869
2010-10-01,1.149
2010-11-01,1.724
2010-12-01,0.611
2011-01-01,0.471
2011-02-01,0.534
2011-03-01,0.861
2011-04-01,1.176
2011-05-01,0.795
2011-06-01,1.025
2011-07-01,0.967
2011-08-01,0.923
2011-09-01,1.05
2011-10-01,1.266
2011-11-01,0.769
2011-12-01,1.164
2012-01-01,0.687
2012-02-01,0.441
2012-03-01,0.844
2012-04-01,1.509
2012-05-01,1.346
2012-06-01,1.315
2012-07-01,1.153
2012-08-01,1.01
2012-09-01,1.01
2012-10-01,1.002
2012-11-01,1.046
2012-12-01,0.096
2013-01-01,0.989
2013-02-01,1.17
2013-03-01,0.817
2013-04-01,0.696
2013-05-01,0.987
2013-06-01,0.976
2013-07-01,0.761
2013-08-01,0.896
2013-09-01,0.771
2013-10-01,0.965
2013-11-01,1.404
2013-12-01,0.975
2014-01-01,1.11
2014-02-01,0.58
2014-03-01,1.345
2014-04-01,1.352
2014-05-01,1.015
2014-06-01,0.968
2014-07-01,0.815
2014-08-01,0.951
2014-09-01,0.801
2014-10-01,0.977
2014-11-01,0.732
2014-12-01,1.374
2015-01-01,1.618
2015-02-01,1.507
2015-03-01,1.555
2015-04-01,1.122
2015-05-01,1.219
2015-06-01,1.205
2015-07-01,0.903
2015-08-01,1
2015-09-01,1.255
2015-10-01,1.261
2015-11-01,1.484
2015-12-01,2.184
2016-01-01,1.596
2016-02-01,2.507
2016-03-01,2.325
2016-04-01,1.875
2016-05-01,1.205
2016-06-01,1.305
2016-07-01,1.141
2016-08-01,1.327
2016-09-01,1.371
2016-10-01,0.904
2016-11-01,0.812
2016-12-01,1.202
2017-01-01,1.633
2017-02-01,2.008
2017-03-01,1.887
